                  epoch,         train/box_loss,         train/cls_loss,         train/dfl_loss,   metrics/precision(B),      metrics/recall(B),       metrics/mAP50(B),    metrics/mAP50-95(B),           val/box_loss,           val/cls_loss,           val/dfl_loss,                 lr/pg0,                 lr/pg1,                 lr/pg2
                      1,                0.97064,                 1.3721,                 1.0937,                0.94725,                0.90814,                0.94686,                0.70925,                0.88113,                 1.0219,                  1.028,             0.00066481,             0.00066481,             0.00066481
                      2,                0.94949,                0.84058,                 1.0681,                0.93157,                0.87624,                0.94204,                0.72427,                0.87302,                0.73611,                 1.0202,              0.0013051,              0.0013051,              0.0013051
                      3,                0.96043,                0.74382,                 1.0768,                0.94893,                0.92644,                0.95648,                0.73741,                0.84006,                0.59914,                 1.0063,               0.001919,               0.001919,               0.001919
                      4,                0.91112,                0.67487,                 1.0437,                0.95783,                0.93976,                0.97021,                0.76247,                0.77941,                0.51054,                0.95922,              0.0018812,              0.0018812,              0.0018812
